<?xml version="1.0" encoding="UTF-8"?>
<!DOCTYPE hibernate-configuration PUBLIC
	"-//Hibernate/Hibernate Configuration DTD 3.0//EN"
	"http://www.hibernate.org/dtd/hibernate-configuration-3.0.dtd">
<hibernate-configuration>
<session-factory>
<property name="connection.driver_class">com.mysql.jdbc.Driver</property>
<property name="connection.url">jdbc:mysql://localhost:3002/anudiphiber</property>
<property name="connection.username">root</property>
<property name="connection.password">khushi2912</property>
<property name="dialect">org.hibernate.dialect.MySQL8Dialect</property>
<property name="hbm2ddl.auto">update</property>
<property name="show_sql">true</property>
<property name="cache.use_second_level_cache">true</property>
<property name="cache.region.factory_class">org.hibernate.cache.ehcache.internal.EhcacheRegionFactory</property>
<mapping class="com.anudip.Employee"></mapping>
</session-factory>
</hibernate-configuration>